annee,nombre,taux_pour_mille,insee_pop
2016,1859.9539895165988,2.566726824868957,659585.9009900991
2017,1869.5008736167733,2.576942676761794,661196.603960396
2018,1849.5084449621434,2.525213867501456,663257.9801980198
2019,1895.0046592894585,2.5507340708212,665791.2970297029
2020,1659.1322073383808,2.2437054734420503,667511.603960396
2021,1796.2976121141526,2.4116325736750146,669946.2376237623
2022,1978.2300524170064,2.655132879732091,673436.5445544554
2023,2021.6161910308679,2.748076248165405,673436.5445544554
2024,2010.859638905067,2.7512877091438557,673436.5445544554
